gene,mean_importance,std_importance,variance_in_data,rank
PRSS23,0.010284553451426892,0.0027413617506455005,14334765.179382369,1
NAP1L1,0.010197727625222272,0.00900516381251425,20985274.504566997,2
KLK5,0.009799069204657493,0.006419244438499581,51072156.340279885,3
GNB2L1,0.006539286138688663,0.00756689153237032,416035740.04054374,4
PPT1,0.006397863138669347,0.00786351874892296,21722710.569126055,5
ANPEP,0.00624722521201746,0.004786964460921714,16542342.98231921,6
HNRNPC,0.0061865459138647555,0.00424655166726283,14846170.294782845,7
EMP2,0.005680688501006813,0.005205066825614002,33063797.554845598,8
TGFBI,0.005607484277285254,0.0063434990505666705,13195019.599627726,9
APOA1,0.005458295039352908,0.006947260192984201,18415921.822647057,10
ARF1,0.005430224521563072,0.006232372081939163,16585525.183135867,11
PTGDS,0.00541528474809871,0.0022133448023745617,71449608.6658708,12
ALDOA,0.005210223607656276,0.005511072331631208,211945710.13002852,13
BCAM,0.005154829942792728,0.005819274062616207,1008786432.2621472,14
IFITM3,0.004941468718646151,0.0020854875101506284,210911071.16115457,15
PABPC1,0.004929107724966168,0.002218206011518437,451833856.68229353,16
IGF2,0.004901798361682685,0.00031745084351008133,24533398096.4799,17
SCNN1A,0.004899535095098221,0.0035997300684515753,20681437.05286823,18
COL12A1,0.0047476041225184736,0.004030671560794947,13146809.257254882,19
PAX8,0.004649463628606265,0.0008498195151098073,15904086.086431863,20
MAGED2,0.004621647002277364,0.004170743856686969,14582843.20908603,21
EIF4B,0.004593331842821557,0.00206565070802898,18970126.35319243,22
AMY1A,0.00454326970808325,0.002657711641880857,120781470.8742955,23
ATP6V1B1,0.004523362805459781,0.005184976575191047,17875146.627683558,24
MSLN,0.004520128394341667,0.0008510770031170946,112033964.22079402,25
NDUFB11,0.004509583756948278,0.004589082460832387,14961831.933876496,26
PTPRF,0.004493734299327952,0.004199708825727615,56506168.81790351,27
TIMP2,0.004486164993734426,0.0043139666040356295,24380608.238018773,28
APP,0.004364886845798783,0.0014638480994668803,64784204.66930922,29
FLNA,0.00434788608720009,0.002426105948021235,134799602.03079963,30
GSN,0.004213425390462708,0.004276375290883743,37388856.69714833,31
TMEM123,0.004197544770719523,0.0004108382491159369,26545867.256203465,32
PRDX2,0.004184318250712924,0.0025426766493965147,16944750.31324764,33
RPLP2,0.004123819636448672,0.001961308060094726,197498429.86586666,34
TXNIP,0.004026917655286223,0.0010648578493884853,30462726.667445403,35
EPCAM,0.00401844733638508,0.003240121518717433,40102668.528799325,36
LMNA,0.003949320254086564,0.00398328251629657,14733119.555182666,37
HSPG2,0.003913339811096505,0.0034183304454634073,22843533.515436873,38
IGFBP4,0.0038963573087012217,0.0021351971662314346,16155766.88253889,39
RBM3,0.0038621617076650817,0.0011106783623106695,13298475.678698128,40
RPLP0,0.0038581779818735056,0.003335536998737838,679992069.2905923,41
RPL27A,0.003838737972605413,0.003961827637332939,284467677.7477341,42
TFRC,0.0037281500845864745,0.0040154165585808,15003274.707954768,43
HSP90AB1,0.0036671418631872964,0.001844042039375376,253044468.94850838,44
A2M,0.003644077474058221,0.003585484865125294,21506840.125296466,45
MT1G,0.003593055872913147,0.002427720705913945,16929527.493842825,46
DCN,0.003576056602232189,0.0022761052435180643,79138015.80457592,47
ITM2B,0.003563683371062732,0.002336643603245852,29305986.436443724,48
HP,0.003538041051351552,0.002871719942555454,45084570.20830766,49
LRIG1,0.003503147592127317,0.0007110412568223316,19112729.67211859,50
LAMA5,0.0034931258965741774,0.0027276896979317915,38250308.74484166,51
KRT7,0.0034681499262337414,0.002962722864819231,89653346.1928162,52
NCRNA00188,0.0034534480057735475,0.0036309740422678333,144722885.87067828,53
CSDE1,0.0034198293311043858,0.002469335578464551,58284862.14816125,54
NOTCH2,0.0033866993056051943,0.001686266997926989,15794359.908257555,55
RPS20,0.003386523260614773,0.004022312515450407,278185382.8917053,56
RPS8,0.003338307017178974,0.0014894158457660327,649306049.5019132,57
SNRPD2,0.003334356207261375,0.0007054575310463987,15734543.808797741,58
EIF3E,0.0033256056925977024,0.0033770105637329012,33726992.06951109,59
EEF1D,0.0032803886308443776,0.0014902033189822808,56653932.28189059,60
PRDX6,0.0032623980847178886,0.002486564691730992,14769610.234681008,61
MUC1,0.0032493743509619828,0.002471859324076398,167940869.27235013,62
PLD3,0.003237114266093776,0.0025777137572968603,37447444.158483304,63
CP,0.0032190654689855367,0.0029150014988018062,141067536.19541293,64
RPL8,0.003209655834181487,0.0013584247501188273,2702733254.6191416,65
PCBP2,0.003196857656821253,0.001967333844217605,26144866.008281685,66
SAT1,0.0031768714771271355,0.003065284519626377,17407794.439011656,67
EEF1G,0.0031609852097136087,0.0017878651945540244,252918864.97966352,68
CAPNS1,0.003142898237573769,0.002222535659903509,15580060.916653557,69
MIF,0.0031414182846392137,0.0021748206473987146,46347507.22591822,70
UQCRFS1,0.003097330341745705,0.0013406626301542411,43387665.31517374,71
CD74,0.0030954940433707543,0.0035257118274514593,3101471051.167385,72
MUC16,0.00309408406034626,0.001887934087714198,52102016.262926705,73
ODC1,0.0030858004569612736,0.00137096332213291,14926232.445643099,74
RPL35,0.003075142129346131,0.002977192388488556,103707688.82793824,75
RPL37A,0.0030737729279517382,0.0027721536316407266,491641897.7950054,76
GLUL,0.0030533715622985767,0.0020602667677091214,17657821.08546333,77
ACTN4,0.003022930488757328,0.0019068046416957371,258727012.8194129,78
SERF2,0.0030228559500439286,0.002446209666059771,29935918.782494307,79
GRN,0.0030202175487326842,0.0021279114501624448,16584058.304376272,80
RPL36,0.003016384318151806,0.000783737580587313,128679321.52745932,81
APOL1,0.002998719694228239,0.0025082993869659817,17632582.425525285,82
PDIA4,0.002983222671930029,0.002238009654105485,27455463.27237889,83
DNAJB1,0.0028691862034739882,0.00045805251803727066,29766957.489811145,84
RPL24,0.002837634274598238,0.0014377001183625761,111797791.85966483,85
RPL23A,0.0028320076729578913,0.0005837892473417165,19800288.841174107,86
PKN1,0.0028285032834612332,0.0013479407416032527,17308921.938958485,87
RPS23,0.002827981006896649,0.001336548620098292,145165390.17011082,88
EIF4A2,0.002819542472457847,0.0021883051657883407,48164873.970503986,89
KRT8,0.0028095000239828534,0.0008501665904960369,247386282.28387538,90
MMP14,0.0028079266945316814,0.00282218247800763,23374731.17532072,91
RPS4X,0.002804097032260955,0.0004969844935292733,912353954.2976329,92
PLEC,0.0027640607765406695,0.0006719441264187204,44414408.46353368,93
COL1A1,0.002755084177476414,0.0023504407096926814,11278414692.099419,94
EIF3CL,0.0027315570757171902,0.0017565812841385808,25512205.29039449,95
RPS29,0.002716813581838612,0.0013409263767809748,55278322.43446805,96
GNAS,0.0027036406467821398,0.0015355987287122852,174852379.8052547,97
KRAS,0.002700278706899628,0.0019201977677513061,14403507.551086256,98
CHI3L1,0.002681620319053612,0.0018994228130393698,38457289.892704666,99
HLA-DPA1,0.002676599898817774,0.001512485438362121,68117686.07538806,100
HDLBP,0.0026709482841254105,0.0009368120510165894,36314178.01041999,101
VIM,0.002666464053144338,0.0019181584466612866,365714353.67661226,102
CD9,0.002659212862307412,0.0022642785833958466,159221068.84659427,103
CMTM6,0.0026565287370802393,0.0006726555456224122,18967786.578629993,104
ATP5G2,0.002639684882759123,0.0013881332956753201,15828355.183590977,105
COL4A2,0.002637572028873802,0.002984142483445301,15803979.52186388,106
LYZ,0.0026250393417631274,0.0024690100156955002,20577590.898628548,107
FSTL1,0.002617446259281032,0.0008793687956543357,13955550.365627287,108
TAPBP,0.002568828727971923,0.001151301036656181,13205287.789622493,109
EEF1A1P9,0.0025609921428602325,0.002051959379076469,51282682.8305409,110
LRP1,0.002550874064143737,0.001225394268350575,18761430.811263446,111
KIAA1522,0.0025475175473525197,0.000732043496383167,23050541.344293177,112
HSPA5,0.0025416548469640505,0.0012993617870547907,52925129.90573238,113
MMP11,0.0025247033083148876,0.00099206838102824,51098333.08092807,114
USF2,0.00252388458307626,0.002540432324335543,18109589.365253445,115
ST14,0.0024977067599140546,0.000359095772521113,14067786.358422192,116
THBS1,0.002495177780477514,0.0015185548008651746,35613675.45939015,117
RPS19,0.0024905876251242382,0.0008798369254092535,316677673.0236967,118
RPL41,0.002467212200292356,0.0019075313028569607,411702060.5762999,119
SQSTM1,0.0024620291860471067,0.0018036827531588643,33319800.44364785,120
RPS15A,0.002447744723305748,0.0019309975043673554,161279221.31091458,121
H19,0.0024460297396917676,0.001964364435271375,3766073244.3984246,122
EIF4G2,0.0024408936249435,0.0019967074385729153,26869236.370161023,123
MYL6,0.002435823517973804,0.0018354289214932962,185506465.7793551,124
ECH1,0.00240565412721785,0.002064441381959296,13735427.97124915,125
RPL31,0.002405066056286261,0.00026523991042837295,224430507.56551516,126
PKM2,0.0023986362098746003,0.002071652609257965,382152222.2774838,127
COL1A2,0.002397521644625172,0.0012069988562051254,2537138698.4672794,128
NDRG1,0.00237739997707318,0.0017542592832539314,66749084.89240111,129
APOE,0.002376514911031581,0.001987423591287549,34477280.94131553,130
HSPA1A,0.002374781486320326,0.00185301928237484,76063387.11206402,131
SERPINH1,0.002362760885393956,0.0011405879470107153,40953758.44601013,132
CAPS,0.0023596443854337085,0.0008487475543950958,21504042.70392092,133
H3F3B,0.0023419135732553596,0.0011167206073461357,33245563.7512812,134
GPX1,0.0023385382590165845,0.0013032866641350298,17986224.68410814,135
UBA1,0.0023319088395714217,0.00020573493490416768,54959337.582792304,136
SLPI,0.00231290559149006,0.001589911739333659,884871853.4362438,137
KLK6,0.002307732755542903,0.0006956754050702557,26097025.14619199,138
RPL32,0.0023073427967880405,0.0007266674208181475,336899595.9253141,139
ACTA2,0.002302284427096212,0.0007501655938941773,26458141.994414162,140
C12orf35,0.0022942323101102775,0.0019256790864264788,16202887.821553878,141
NCL,0.0022828778698037087,0.0013282681163839984,29658111.223449454,142
AGRN,0.002273159475245682,0.00050964843405043,67983150.29358073,143
RPN1,0.002267993857256229,0.0014613644088104138,15021673.224159671,144
ERGIC3,0.002267737081442244,0.0015188892391960324,21194286.78750333,145
TNFSF10,0.0022635725365455633,0.0007571019520621434,19391912.516784683,146
RPS27A,0.002260961400122181,0.001578833659058436,113331925.06503357,147
FOLR1,0.0022582886868528457,0.001058619791011619,77582846.83045568,148
RPS12,0.002249164744407489,0.00148008386983358,410639378.0428057,149
JUNB,0.0022387208883688156,0.0023439021340562896,24187083.41671732,150
MYL9,0.002233893710417011,0.0010802502110978155,35414869.409899905,151
JUP,0.0022292926449217734,0.000934419730084864,20289421.63224968,152
CRABP2,0.002222587192648866,0.0010161135474627172,167667863.68705982,153
UBA52,0.0022212926787712733,0.001141806251423579,132193393.50258885,154
PTMA,0.0022187260607620754,0.0010276121693237202,117978213.81254578,155
MGP,0.0022149160841103428,0.0011588617088063493,14702395.624687064,156
IGFBP7,0.0022100037915621057,0.000618367767797909,21305022.77008233,157
IFI6,0.002193507177416907,0.0003385655814382235,309701777.8100587,158
BMS1P20,0.002181246903373947,0.00026450674691029096,4803178701.459152,159
TUBA1B,0.0021791244909465947,0.0015250144723121684,152711589.15365595,160
RPS21,0.0021782116100540106,0.0020691503071257047,121823658.2325433,161
FOS,0.0021734231243046315,0.0008694817822010562,126290596.4948359,162
CTNNB1,0.002168035283109712,0.001164805321504108,13831094.794991639,163
RPL13,0.002167359906048114,0.0011062808963743823,421213954.8701419,164
RPS9,0.002155192416003492,0.002094153127553879,163191802.91127622,165
UBA2,0.0021518769092351204,0.0001350207116181542,20131286.11821257,166
SLC34A2,0.0021506600968684343,0.0016067095513073793,55579669.20547014,167
EIF3L,0.0021471786473610125,0.001131276034582583,13875066.10891718,168
MSN,0.002140418832273802,0.0014942736467394783,14772114.858220797,169
XBP1,0.0021299230850363986,0.0015536445999637344,21584909.202318836,170
IGFBP2,0.0021282878356373965,0.0014954247036078826,173887457.95112938,171
SORL1,0.0021262174019720387,0.0014914586301104167,30651237.117662188,172
BST2,0.002126149719780736,0.0006335430035730726,98743140.24526027,173
CALR,0.002124524116792202,0.0007338478852996021,150252783.19594395,174
LTF,0.0021227874610222387,0.0015033728042344208,40765728.526324645,175
RPL7,0.0021104786960404053,0.0009402921758087276,14017066.200443448,176
LDHB,0.002100248957337778,0.0003822846968789699,111414333.35557152,177
AP2M1,0.0020932197965979516,0.0016438861125511546,17979107.834019344,178
NUMA1,0.002089262864698941,0.00040401032134290807,19920530.260865156,179
ATP1A1,0.002088159493337659,0.0019240356540852824,45172103.495371476,180
COL6A3,0.002078863312071518,9.654041871804572e-05,62500915.93982184,181
HLA-DRB5,0.00207277498483887,0.0007964107010950978,13916304.818671906,182
STRAP,0.002066642935214606,0.0005966613218493661,19080230.895175755,183
NPC2,0.0020619773398826385,0.001922407144197854,20054637.510256417,184
IGJ,0.002059754732052021,0.0013298450265507539,14436553.524991361,185
BTF3,0.002031348815419252,0.00023200488322047084,38437354.5285163,186
C1S,0.002029589268399428,0.0005723453390968007,26008886.81601661,187
CD47,0.002013418486814174,0.001606812714225885,21742945.474074733,188
TAGLN,0.0020071018619729347,0.0014061896275585773,52566901.16229057,189
GANAB,0.0020040123376459658,0.0009457447936060033,13339408.544004025,190
MYL12B,0.0019933975737904982,0.0005200675461357678,22781212.653692115,191
YWHAE,0.0019850246985597167,0.002178994925082955,50150990.75571554,192
RPL34,0.0019835518361062455,0.00047158021950682784,40325977.1109352,193
ZFP36L1,0.001979672436292819,0.0008946257321558282,17938548.367081944,194
DMKN,0.0019795034516101296,0.0021191598495777053,48026536.59126204,195
DHCR24,0.001975451153509653,0.0005625059701805676,107384032.71379934,196
SRP14,0.0019604057905795863,0.0014070950662569952,60115462.20676489,197
RPS25,0.001960237319359797,0.000959491393359274,77135075.96924767,198
SCGB2A1,0.0019598480549503842,0.0010337295738299048,27399440.21927287,199
THBS2,0.0019580137421937273,0.0019224775388503373,15418993.963404188,200
MMP7,0.0019521144811192328,0.0015437035041980906,201024067.97413668,201
RPL17,0.0019381410404264363,0.0003549567014010416,33881176.88416029,202
LGALS3BP,0.0019374790853813886,0.000988445135874594,146241455.8247269,203
HLA-DRA,0.0019263726208070282,0.0015691954858854688,370850736.8681901,204
HMGN2,0.0019218581607559667,0.0008192241686720893,22923735.854974937,205
SERPINA5,0.001920906361746677,0.0007056298435285855,26458365.357572906,206
TRAM1,0.001913104466818763,0.001503796299897664,15291270.608661639,207
SPP1,0.0019083092516608174,0.0016075507413702878,189343409.2007745,208
SRRM2,0.0019070533364583901,0.00041794318053955525,32288799.4376917,209
SLC25A5,0.0019003030658259461,0.0009011981561090239,29957459.11174134,210
S100A13,0.0018981964475725816,0.0016098828447290896,13754086.09730931,211
FAU,0.0018971501019245127,0.0014086452639499056,38329675.251672916,212
MX1,0.0018906839520594083,0.0013686264417480478,31628202.16767624,213
YBX1,0.0018853554289261628,0.001711733332558585,149960678.63111922,214
LSR,0.00187926102223119,0.0007430147997850124,33699775.87421852,215
HLA-E,0.0018747929699536262,0.0005551914974573603,17777365.46384336,216
RPSAP58,0.0018718784132188224,0.0013786142788659685,115360655.57716875,217
EIF1,0.0018688148378087053,0.0003878350879519507,17977036.534311805,218
THY1,0.0018675758198516133,2.630477270475039e-05,15300165.907210443,219
FAM60A,0.0018658236596782903,0.0005365862602665795,14875532.865944294,220
SLC25A3,0.0018625505499380328,0.0016564756406720234,14798439.591033641,221
ITGB1,0.0018551727558843798,0.0012790390470627344,14192807.20967305,222
TRIM28,0.0018547034969591699,0.0006194737858448445,40499709.60378732,223
HPN,0.0018500741267126932,0.0016041358778905418,24701224.770127185,224
KLK7,0.0018470245867075092,0.000803889177271892,21123585.601335634,225
RPS7,0.001841839034812166,0.0010597154878592377,77287289.3687746,226
RPL3,0.0018378595196816942,0.00022349124237457,604182140.3134744,227
CTSD,0.0018348931040166204,0.0003556416844219597,106365501.77867635,228
YWHAQ,0.0018344220362920887,0.0018698352637606746,14408785.20597748,229
CYR61,0.0018321635538120936,0.0015104673515614344,18130672.043728203,230
ATP5B,0.0018211596681949847,0.0009264066490584018,57962535.55474765,231
DSP,0.0018153712263554017,0.0009465967476417572,26376076.680819113,232
PPP1CB,0.0018134962837472806,0.0012789887176084787,15541772.559685167,233
THSD4,0.0018112360149660466,0.0015065746839864865,52740043.31449995,234
SLC40A1,0.0018105869462346847,0.000729005043016038,38566942.443801,235
RPS17,0.0018039864527325978,0.0016499143790177201,141680967.7967181,236
IGFBP3,0.0018037415491465355,0.0012926057274753582,16132704.258161768,237
MAL2,0.0017998752552653493,0.0012961543113647251,41746719.52686962,238
GRB7,0.0017924895094178599,0.0013529850108730966,26776672.71755678,239
C1R,0.001790411179930249,0.0009658997323543727,13103417.236077039,240
SPINT2,0.0017901982963495439,0.0002840446607518578,384741526.9827013,241
RPL18,0.0017863214427446307,0.00039068577358714485,173843952.56900713,242
GAS6,0.0017750700325435086,0.00021901442100430869,34642279.10720354,243
TNFAIP2,0.0017723699555268607,0.001181477815663498,57825487.3279151,244
DUSP1,0.0017678814369648324,0.0016613157543783142,31375290.251068655,245
RPL7A,0.0017651949798059322,0.0011201162764282848,154036480.33724314,246
PAM,0.0017540844978835438,0.0004070886307865329,14605045.468519425,247
PLXNB2,0.0017525439060931559,8.27891661225702e-05,15768284.036202664,248
PQBP1,0.0017456244490284076,0.0005634928405294434,16821838.086224005,249
OVGP1,0.0017288144219613376,0.0012386079841817986,120805930.40445955,250
CRIP1,0.0017158411254701465,0.0010580383471423416,39868906.75217713,251
TMEM59,0.0017140720369372192,0.0010537741335359288,15279182.829368506,252
PEA15,0.0017109232752853148,6.131237579150125e-05,32000274.94610574,253
PDIA3,0.0017043356841610249,0.00019462487601432302,27866695.756247226,254
CANX,0.001697507930106417,0.0005001882335878361,40205720.24619289,255
MCL1,0.0016969128175232055,0.0015270677106948092,15018324.077961104,256
ITM2C,0.0016942829216246601,0.0008924322712592819,68307856.74824116,257
CTGF,0.001688120689472292,0.00048389024470571257,32777445.0592797,258
COX4I1,0.001678549470319871,0.0019242452889299143,18457179.904770438,259
GAPDH,0.0016780686442902381,0.0015498075878978594,2859039362.2692513,260
CLDN4,0.0016737110401378675,0.0016747064306752975,41408112.15419034,261
CRIP2,0.0016732778496186568,0.0008151594726521643,14052814.996959792,262
ATP5G3,0.001672382677601339,0.0006181234660855049,14175184.105164161,263
COL5A2,0.0016606314316571762,0.0008219777278418936,15251255.126478162,264
CLIC1,0.001653449018329647,0.0005930038964745312,13925460.239194933,265
C4A,0.0016497789951002925,0.00035662111586721827,252463085.0196991,266
HLA-DQB1,0.0016344577362163344,0.0017851976453344175,21820784.919461425,267
MARCKSL1,0.0016280254240199617,0.0006023799225371058,19988847.59788153,268
RPL13A,0.0016171290090252796,0.0007610981542545785,201295940.48060584,269
LAMC1,0.0016137741291312312,0.0006426657223590458,16619218.24211682,270
MMP2,0.0016057037028828771,0.0008872088275061474,28188798.16016843,271
RPL22,0.0016046564137398725,0.000703336373940906,35984002.95838166,272
RPS11,0.0016005070836006144,0.00045419658184271444,528700598.2340571,273
TPM4,0.0015979411510149979,0.0013730150554612005,205051374.73101017,274
ITGB4,0.0015963474726258195,0.0005104892745974952,18044795.47050268,275
ITGA3,0.0015958171712730335,0.0009031311771111954,15099950.325962039,276
B2M,0.0015937809216456267,0.0009895116264981613,1243682322.5753613,277
BGN,0.00158567712962123,0.0008541657280350719,68146468.71161368,278
CYP4B1,0.0015810301910183487,0.0008493442660006623,15150780.593308492,279
TUBB2C,0.0015766371296856406,0.0009397179717217709,22318935.73602685,280
RNASE1,0.0015717373019519072,0.0005382546181832696,41734850.999228165,281
MDK,0.0015698043759954218,0.00041149179014782927,154226590.66729724,282
ENO1,0.001567472202179613,0.0005622221631366666,377312813.4652126,283
DSG2,0.001565331911906705,0.0007022371761768672,28036020.737824585,284
SYNGR2,0.001557510497814784,0.0007527489660236629,14496080.761756364,285
ALPPL2,0.0015516578587644742,0.00030882481977454986,20486017.786503546,286
VTCN1,0.001543344955045922,0.0002236562632030736,53655337.190313496,287
HSPD1,0.0015417025499843192,0.0008304237095528504,21628139.16117839,288
TIMP1,0.0015392153910790691,0.0009510743990437599,76969169.15243523,289
XIST,0.0015317083722799095,0.0009153895702949561,17072104.16514208,290
STAT1,0.001522102924849282,0.00021661599180791108,25335707.82237468,291
TAGLN2,0.001521103578306078,0.0008397043551015024,39184522.50047463,292
LUM,0.0015179194264813784,0.0013117969353215765,54329536.821624875,293
ISG15,0.001516198736275117,0.0003075428782993554,32609246.71466943,294
PSAP,0.0015154397653739805,0.0008718190453381595,145819825.88409582,295
FTH1,0.001515107288124134,0.001137623830088818,1821100236.3134353,296
CTSB,0.0015029833798826965,0.0011639286251522844,267980249.88304356,297
LAPTM4A,0.001495552028719085,0.0011733952603338578,14213554.517280757,298
RPS5,0.0014941167542595144,0.0007695523309092187,453327208.8263311,299
FOXP4,0.0014880852896969664,0.0008158155008571049,18549890.21280088,300
CFL1,0.0014870695381225352,0.0011831094893445054,63112816.85820007,301
RPS3A,0.0014754643432846467,0.0010973858262877377,58326069.60834981,302
PODXL,0.0014725148696682368,0.0008038065393196063,38294967.84071638,303
RPL37,0.0014675780302954363,0.0004755572250241878,273870270.60786813,304
STMN1,0.0014653702227020735,0.0010112627581491942,23625511.014953688,305
COL3A1,0.0014612483059269956,0.0006107109886397717,3066024963.657324,306
CALM2,0.0014608507198808542,0.000926662633016857,64415367.632612966,307
ANXA2,0.0014596640800793289,0.00108772529220669,53096546.131275356,308
ZFP36,0.0014548299720309093,0.001895390787594775,21353741.550722387,309
NOTCH3,0.00145076028327116,0.0007474696738316194,21830787.404796373,310
HSPB1,0.0014438934584764262,0.0012163027677832346,77041782.74479602,311
HSP90B1,0.0014432751434718318,0.0010475018904682614,80202952.86002441,312
CLDN1,0.0014424526061848555,0.0006504652644867985,15327787.098429644,313
ACTG1,0.0014420708946853223,0.0011787433583917877,727819970.8290782,314
CAP1,0.0014414347038415216,0.0005610024800282797,26391954.76475582,315
CEL,0.0014339104899686532,0.0006865513260847818,64749008.23331641,316
EEF2,0.0014282195022684357,0.0010596179067412204,462776172.4205034,317
S100A16,0.0014276050571722402,0.0002988726745084202,17427297.870577823,318
EIF4A1,0.0014232584026787273,0.0008135150568351626,26187061.16144741,319
KRT18,0.0014106505288767792,0.0009488363708250964,131772006.57891092,320
ANXA1,0.0014070391087468584,0.0005296859458807715,23910826.150620677,321
LTBP4,0.001386967602996751,0.00045037187299729915,39348236.93173088,322
EIF4G1,0.0013754597400122582,0.00041929486844288386,15894047.602028461,323
HLA-A,0.0013586566682050737,0.0003253689920280397,285089905.8538091,324
BHLHE41,0.0013534134036831947,0.001311310730711148,38147890.83621486,325
HLA-B,0.0013512079937924605,0.0008070843225109216,839920012.3872521,326
IFITM1,0.0013406087130166386,0.00027703298130060173,128071187.63349947,327
HLA-DRB1,0.0013386542030924705,0.0011424258373878408,47843743.22865671,328
RPLP1,0.0013360498762336195,0.0006815992660641609,786077461.9069636,329
RPL27,0.0013262425670582604,0.0009436869466858463,123081704.9135834,330
FBL,0.0013257677735635427,0.0004956041451659794,35470461.75215212,331
SOD2,0.001315044556724115,0.00026962354639757804,17151652.98751798,332
OAZ1,0.0013095576414586339,0.0009276896477743107,32513538.294386357,333
RPS13,0.0013054899762970102,0.00038240133778308973,36729950.559730686,334
S100A4,0.001301780757894467,0.0010475804109397872,71156512.30768238,335
UBC,0.0013014851581808703,0.0004991094232981988,127294741.62471186,336
PFN1,0.0013004613790655228,0.0009727142813955374,58817465.9352302,337
HSPA8,0.0012869350991570009,0.0009412300270711971,118466253.4066074,338
PRKCSH,0.0012791375558914998,0.0008785465845705985,28249855.40602412,339
S100A11,0.001276311127778611,0.0007668330337581895,34565338.34793019,340
SERPING1,0.001273297027300179,0.0002767566727750707,29604644.22609908,341
RPL11,0.0012704581355558102,0.001018319842495923,127739768.24438971,342
LGALS1,0.0012674244584442776,0.0006356926246583646,25591374.343893837,343
ADAM6,0.001265978306573861,0.0006808098105977895,2031919318.2540903,344
S100A6,0.0012639927337534647,0.0006414732449995205,1549033152.3968413,345
LYPD1,0.001262864088825114,0.0009482650629536686,43748681.8497315,346
RPL10,0.001259021888900586,0.0003231552603106549,247105342.21821192,347
ELF3,0.0012565553151278185,5.168414481624442e-05,26652929.81899111,348
RPS14,0.0012509947948485904,0.0010040671080688197,453809187.13181174,349
SST,0.0012499847208125787,0.0004912136390682434,33036815.769951157,350
HSP90AA1,0.0012483170782846581,0.0006415284510099521,156902738.93776062,351
AEBP1,0.0012423419648523455,0.0004535951911015514,68024415.39546944,352
RPL4,0.0012346967675629364,0.0010834193297414175,392992709.9681661,353
NME2,0.0012277448426911773,0.0012362782232959884,60150695.13204627,354
RPL18A,0.001226842853965326,0.00025687118126059214,49092862.947529875,355
NDUFB9,0.001219504433280839,0.0011289825660725553,42170616.980611354,356
CFB,0.0012143629903564681,0.0004519610276518341,261206483.77476248,357
SLC38A2,0.001209416524273378,0.0009219063163910798,13620695.823907578,358
DPYSL3,0.0012065492372666726,0.0004506809167580702,33832894.791505285,359
RPL5,0.0012063618667087733,0.0008981936814465559,402860638.40613335,360
PTMS,0.0011956876881119513,0.0015276398758627692,35708833.54696049,361
IFITM2,0.0011952025210763086,0.0007484814613862037,13041392.083951782,362
YWHAZ,0.0011907364487504337,0.0010516182371741434,130085912.10142982,363
SPON1,0.0011890125272273813,0.0008119832694149941,290876242.5480567,364
CPA2,0.001186124197192055,0.0006604130464530759,45000746.76211217,365
RPL10A,0.0011750093473509831,0.0005574108024455833,240222960.09118968,366
PAK1,0.0011735735931438617,0.0004896600989727542,16171408.67845098,367
RPL15,0.001172074398884058,0.0002820454804019865,290810339.4981417,368
HLA-DPB1,0.0011718865048116454,0.0004958029963448381,15257321.537754873,369
RPL30,0.001170176472544527,0.0001235361992366937,403022905.06167,370
PEG10,0.0011621859073268498,0.0010447761519893682,13991844.82685343,371
NOTUM,0.0011612779052646274,0.000779325340810423,17512120.944557972,372
CLNS1A,0.0011474644005605632,0.0010326870590512,13697365.960415266,373
APEX1,0.0011449209931949087,0.0006438518524684128,15484553.59966914,374
RPS3,0.0011432749871503627,0.00023620009545161668,2018313498.605081,375
RPS10,0.001140408184728838,0.0004679372073906106,100342585.70138985,376
RPL28,0.001140248906398504,0.0009929930267352505,252263595.70661938,377
CD81,0.0011389107668284264,0.000729826852629816,110264087.49790373,378
KRT5,0.0011361001637970652,0.0004595250125522204,116357512.80457336,379
GRINA,0.0011349259988837946,0.0008055582762474396,15003485.466688963,380
CD59,0.0011316070118760101,0.0006983965984180158,18400852.35695089,381
RPL23,0.0011294873547259947,0.0003942161907366486,80467894.8291144,382
HDGF,0.0011234809836483358,0.0013774011347108337,18448113.3863965,383
PPP1R1B,0.0011215548417499513,0.00034479074706508637,14176893.681404395,384
PHB2,0.0011172668732288013,0.00038441525808840317,15166366.051342724,385
RPS2,0.0011148547426084049,0.0009581302366312738,133499747.70397826,386
KLK10,0.0011131573640113116,0.0003811143953133742,18329244.2647825,387
NPM1,0.0011051940541252359,0.0003458911950612269,54184596.79466377,388
NDUFS5,0.001104933265632176,0.00035400870667209064,19640163.46458261,389
CRABP1,0.001102829033722056,0.0004713602416424809,47189065.13138802,390
UBB,0.0011001392287297072,0.0009490463118472379,86433451.35256235,391
CYC1,0.0010978781991305816,0.0005273777881537365,23923657.75353964,392
NEAT1,0.00109277112862495,0.00044209491014588647,86266568.50819454,393
DLK1,0.0010877006744519453,0.0006988453631007986,205146639.8889292,394
GSTP1,0.0010702413071365057,0.00041695395397011364,55837827.546361536,395
TSC22D1,0.0010592985040754938,0.000722680794543495,14923830.817131307,396
P4HB,0.001046573618554044,0.0004801987671938178,56772001.25132952,397
S100A1,0.001037083534307667,0.0008896827733456312,51842211.173143014,398
ORMDL3,0.0010325379662169132,0.00036623585896439984,18602743.19746195,399
FOSB,0.0010317900899794912,0.0009589936426677516,27992277.040329512,400
FN1,0.0010294051889665923,0.0008646284285625896,2482688379.1825094,401
PRDX1,0.0010245690157838071,0.0014153261009227664,15568252.860780887,402
TUBB,0.0010150034379735131,0.0006697089999995287,134976372.75005975,403
ACTB,0.001014476919898554,0.0007012746231180725,721994522.7537779,404
ASS1,0.0010140227066532022,0.0009574175829931472,103514196.88525254,405
RPL29,0.0010138726304490995,0.000420702239899007,155047764.8446727,406
RPSA,0.0010097200772627437,0.00040756560504543273,86270642.17530264,407
WFDC2,0.001008062611494266,0.0007790436977185367,710528016.3016762,408
KRT19,0.0010003505058995442,0.0007420016163234023,118320176.47376455,409
COL6A2,0.0009991433723106624,0.0008273770363160153,64979709.129562125,410
PDIA6,0.0009942958332963441,0.0007512727888637911,24247148.236251716,411
ATP5A1,0.0009924049730017437,0.0002990995711250159,66027404.03717388,412
ARL6IP1,0.0009856534687139992,0.0009407964817182242,15876815.448053893,413
RPL38,0.0009850108921352614,0.0006667321738770878,27182889.890211567,414
CD24,0.000981177036977608,0.00057243016387874,1175725886.8598807,415
IGFBP5,0.000980147855489513,0.0011581583515163471,75855999.68242425,416
IFIT1,0.000979423026234623,0.0005345072273820013,16363184.546264715,417
RPS16,0.0009781442986663252,0.0003880253927753246,714062756.6896428,418
TGM2,0.0009781388549610665,0.00044572681289627885,98168885.25074884,419
RPL26,0.000974896586393112,0.0006915026682771945,80099955.68224691,420
PTGS1,0.0009655050191645859,0.0005300282717156493,28201415.375490293,421
AHCY,0.0009597636345317009,0.00043494831424064403,16827890.49042621,422
RPL12,0.0009583573898303753,0.0005945344473540892,115924507.38637677,423
CSRP1,0.0009498959674715204,0.0006766213921948244,17845566.54898713,424
RPS18,0.0009468151084638929,7.324172145967126e-05,2425647613.6197853,425
TM4SF1,0.0009460334036918968,0.00037142284183877664,46633991.76571804,426
RPL19,0.0009318259489600328,0.000668978226757845,193299414.18545574,427
HMGA1,0.0009282385752351173,0.0006130528511157029,17787259.929638013,428
PGK1,0.0009273567754764624,0.00019362815781732548,58934937.32675526,429
H1F0,0.0009240550160345297,0.000947243548225036,14511960.710465187,430
MEST,0.0009205557769135192,0.0012435051203316242,101564274.43881606,431
EGR1,0.0009188779598380941,0.00020061751139705453,87089550.10910882,432
SLC2A1,0.000905818930059042,0.0007670129454471065,47273998.128695756,433
LCN2,0.0008909914062992084,0.0006367531878790991,54992736.21012614,434
PPIB,0.0008883612949084225,0.0006775611084936984,36707270.53544834,435
BCAT1,0.0008819922627336003,0.0005708805932660171,583137825.5961974,436
RPS24,0.0008761041370459279,0.0007434552645706321,445391948.4563989,437
GPX3,0.0008701925794765837,0.0003156303242063479,410628187.6329688,438
UCP2,0.000860444435356543,0.0002795438586581915,52327233.35566266,439
TMSL3,0.0008578326603174372,0.0003851327997786278,967627969.4774055,440
SNRNP200,0.000857774505885239,0.0005524247747671408,14118000.3297957,441
APLP2,0.0008571016393396127,0.000488593618514393,49893199.27973925,442
COL6A1,0.0008532655474109428,0.0007406799056004715,60455796.75614447,443
EIF3K,0.0008458131012775608,0.0004649472854882873,21038032.967930533,444
RPS6,0.0008436140355404222,0.0003466307643905483,1287228936.9433796,445
TACSTD2,0.0008195978548205029,0.0010718979369079241,42142532.98526257,446
IER2,0.0008189266303704744,0.0005061337929000016,13081627.940338993,447
SPARC,0.0008170883419655315,0.0010862143941015594,1001646314.1244441,448
HNRNPA2B1,0.0008151700843097278,0.0007039098521985815,17343439.696626715,449
SULF1,0.0008084037428329419,0.00024257526443595664,15402687.765285376,450
COL18A1,0.0008054182674570003,0.0011390334372207288,20653313.257031813,451
MYH9,0.0008015367541957665,0.00056692287094201,87408576.70389068,452
PSMD3,0.0007921638849501378,0.0001422121755202406,50858086.47724457,453
TPI1,0.0007843710683560044,0.0004917169020155878,102363488.72304942,454
NDUFC2,0.0007825031697198936,0.00046368552415705953,75526474.81499742,455
RPL35A,0.0007782307969414113,0.00036607899779314925,181006011.2626117,456
COX6B1,0.000771497930279921,0.00029942148550511427,14171110.104994224,457
TMBIM6,0.000759954385708556,0.0005561307076574913,55210944.45977732,458
EIF3H,0.0007574107283186009,0.0004823450256025284,15814888.989684997,459
EEF1A1,0.000753842813076428,0.0003655513754472534,6438092483.207683,460
IFI27,0.0007517805808999883,0.0004371708637544454,204145849.94078702,461
TPT1,0.000734285036608663,0.0005870917207376094,3254530675.038385,462
PUF60,0.000728037193707101,0.00033385804027047893,23336423.10757431,463
COL5A1,0.000727418627248838,0.0004266137496626099,67325174.93428038,464
LDHA,0.0007258660262274133,0.0006147294282618028,258825338.1093987,465
TUBA1A,0.0007247633197770715,0.0001536228114283279,27672982.886111643,466
C7,0.0007071250916300336,0.00011977746389558362,25639327.879059322,467
NONO,0.0007003894692609571,0.0005918562417819494,13795005.298708854,468
GPI,0.0006999279608422704,0.00046042839256985263,31236356.909336586,469
BSG,0.0006922745319479216,0.0006624710434434998,25127578.965335336,470
LAPTM4B,0.0006823969281963488,0.0006874363977224813,96710675.04516718,471
JUN,0.0006797712215258524,0.00046873718612888406,21396548.7736068,472
HLA-C,0.0006766857373095384,0.0005814004396501906,421651548.9583269,473
CD63,0.0006699972661093446,0.0005033381697100111,62665266.18826621,474
LY6E,0.0006612110240055274,0.0006066224055111842,261833352.4000343,475
AHNAK,0.0006610394103050928,0.00047948100287613555,101566955.23597537,476
SLC25A6,0.0006578151632997694,0.00041964046504545883,78578594.70487185,477
RPL14,0.000653473191985205,0.0004920711845117224,72718040.22638138,478
ERBB2,0.0006526153713913474,0.000787070038403847,415717660.59939617,479
SLC44A2,0.0006372729717705232,0.0006868789277039797,32159142.117901273,480
NACA,0.000614250605121827,0.00035671755013078803,81752693.42645623,481
C3,0.0005855909620068455,0.0005403142560810748,2039212337.8789022,482
GAS5,0.0005848867607757701,0.00043007036857615463,17754961.878126014,483
TIMP3,0.00057791831603923,0.0003099688062369786,36658638.20427623,484
CDK16,0.0005705660470796461,0.00048517385537699605,19102831.021681905,485
FTL,0.0005667109905136458,0.000577790002015754,878129272.7711498,486
PABPC4,0.000551668820832969,0.0002278581754779323,130863969.80232932,487
PLP2,0.0005508324645881797,0.0004591480720269664,13968690.842342142,488
MYCL1,0.0005343946456686965,0.00038484025697549417,17100717.232329063,489
SEPP1,0.0005251959736044502,0.00031055151596341875,38117851.56555844,490
CCT2,0.0005156208419042199,0.00033979762998589567,53965757.70960396,491
CCND1,0.000509889281747709,0.00045635244908414784,15166429.554011302,492
RPL6,0.0005089181181357474,0.0002703527581874985,68986419.10675271,493
CLU,0.0004880926088894075,0.00028969534954420534,5014037029.57069,494
TMSB10,0.00048376370358241575,0.00022432701343860504,274278122.4092843,495
MFGE8,0.0004786022818698125,0.00047083741487994295,23884601.414602675,496
SPOCK2,0.0004713252189407471,0.00031899615910267894,85025664.74035195,497
ATN1,0.0004659325217005149,3.210148821703833e-05,47138166.850752205,498
NUCKS1,0.0004198147124472353,0.00021233287993656767,14132172.523040691,499
EEF1B2,0.00033351510519146166,0.0002407314275141305,30743861.480119284,500
